Load_N,Extension_mm
0,0.00000
2500,0.00625
5000,0.01250
7500,0.01875
10000,0.02500
12500,0.03125
15000,0.03750
17500,0.04375
20000,0.05000
22500,0.05625
25000,0.06250
26000,0.10000
28000,0.13750
30000,0.17500
32000,0.21250
34000,0.25000
36000,0.28750
38000,0.32500
40000,0.36250
42000,0.40000
44000,0.43750
45000,0.47500
44000,0.52500
42000,0.57500
40000,0.62500
38000,0.67500
36000,0.72500
34000,0.77500
32000,0.82500
30000,0.87500
28000,0.92500
26000,0.97500